[
    {
        "type": "style",
        "handle": "leaflet-css",
        "src": "https://cdnjs.cloudflare.com/ajax/libs/leaflet/1.7.1/leaflet.min.css",
        "deps": [],
        "ver": "1.7.1",
        "in_footer": null
    },
    {
        "type": "style",
        "handle": "afct-tooltip-css",
        "src": "includes/styles/tooltip.css",
        "deps": [],
        "ver": "1.0.0",
        "in_footer": null
    },
    {
        "type": "style",
        "handle": "afct-base-css",
        "src": "includes/styles/base.css",
        "deps": [
            "wp-components"
        ],
        "ver": "1.0.0",
        "in_footer": null
    },
    {
        "type": "script",
        "handle": "leaflet-js",
        "src": "https://unpkg.com/leaflet@1.9.4/dist/leaflet.js",
        "deps": [],
        "ver": "1.9.4",
        "in_footer": true
    },
    {
        "type": "script",
        "handle": "turf-js",
        "src": "https://unpkg.com/@turf/turf@latest",
        "deps": [],
        "ver": "latest",
        "in_footer": true
    },
    {
        "type": "script",
        "handle": "geojson2svg",
        "src": "https://cdnjs.cloudflare.com/ajax/libs/geojson2svg/2.0.1/geojson2svg.js",
        "deps": [],
        "ver": null,
        "in_footer": true
    },
    {
        "type": "script",
        "handle": "geojson-extent",
        "src": "includes/assets/geojson-extent.js",
        "deps": [],
        "ver": null,
        "in_footer": true
    },
    {
        "type": "script",
        "handle": "proj4",
        "src": "includes/assets/proj4.js",
        "deps": [],
        "ver": null,
        "in_footer": true
    },
    {
        "type": "script",
        "handle": "proj4leaflet",
        "src": "includes/assets/proj4leaflet.js",
        "deps": [
            "leaflet-js",
            "proj4"
        ],
        "ver": null,
        "in_footer": true
    },
    {
        "type": "script",
        "handle": "jsPDF",
        "src": "https://unpkg.com/jspdf@latest/dist/jspdf.umd.min.js",
        "deps": [],
        "ver": null,
        "in_footer": true
    },
    {
        "type": "script",
        "handle": "afc-territory-js",
        "src": "build/index.js",
        "deps": [
            "wp-components",
            "wp-element",
            "leaflet-js",
            "turf-js",
            "geojson2svg",
            "geojson-extent",
            "jsPDF",
            "proj4leaflet"
        ],
        "ver": null,
        "in_footer": true,
        "localize": true
    }
    
]