{
    "1": {
        "label": "La Vista, Nebraska",
        "style": {
            "color": "#2f4f4f",
            "weight": 2,
            "opacity": 0.65,
            "fillColor": "#2f4f4f",
            "fillOpacity": 0.25
        },
        "activeStyle": {
            "color": "#0a1944",
            "weight": 2,
            "opacity": 1,
            "fillColor": "#2f4f4f",
            "fillOpacity": 0.95
        }
    },
    "2": {
        "label": "Omaha, Nebraska",
        "style": {
            "color": "#8b4513",
            "weight": 2,
            "opacity": 0.65,
            "fillColor": "#8b4513",
            "fillOpacity": 0.25
        },
        "activeStyle": {
            "color": "#0a1944",
            "weight": 2,
            "opacity": 1,
            "fillColor": "#8b4513",
            "fillOpacity": 0.95
        }
    },
    "3": {
        "label": "Lincoln, Nebraska",
        "style": {
            "color": "#006400",
            "weight": 2,
            "opacity": 0.65,
            "fillColor": "#006400",
            "fillOpacity": 0.25
        },
        "activeStyle": {
            "color": "#0a1944",
            "weight": 2,
            "opacity": 1,
            "fillColor": "#006400",
            "fillOpacity": 0.95
        }
    },
    "4": {
        "label": "Kearney, Nebraska",
        "style": {
            "color": "#4b0082",
            "weight": 2,
            "opacity": 0.65,
            "fillColor": "#4b0082",
            "fillOpacity": 0.25
        },
        "activeStyle": {
            "color": "#0a1944",
            "weight": 2,
            "opacity": 1,
            "fillColor": "#4b0082",
            "fillOpacity": 0.95
        }
    },
    "5": {
        "label": "Grand Island, Nebraska",
        "style": {
            "color": "#ff0000",
            "weight": 2,
            "opacity": 0.65,
            "fillColor": "#ff0000",
            "fillOpacity": 0.25
        },
        "activeStyle": {
            "color": "#0a1944",
            "weight": 2,
            "opacity": 1,
            "fillColor": "#ff0000",
            "fillOpacity": 0.95
        }
    },
    "6": {
        "label": "Cedar Rapids, Iowa",
        "style": {
            "color": "#00ced1",
            "weight": 2,
            "opacity": 0.65,
            "fillColor": "#00ced1",
            "fillOpacity": 0.25
        },
        "activeStyle": {
            "color": "#0a1944",
            "weight": 2,
            "opacity": 1,
            "fillColor": "#00ced1",
            "fillOpacity": 0.95
        }
    },
    "7": {
        "label": "Des Moines, Iowa",
        "style": {
            "color": "#ffa500",
            "weight": 2,
            "opacity": 0.65,
            "fillColor": "#ffa500",
            "fillOpacity": 0.25
        },
        "activeStyle": {
            "color": "#0a1944",
            "weight": 2,
            "opacity": 1,
            "fillColor": "#ffa500",
            "fillOpacity": 0.95
        }
    },
    "8": {
        "label": "Sioux City, Iowa",
        "style": {
            "color": "#00ff00",
            "weight": 2,
            "opacity": 0.65,
            "fillColor": "#00ff00",
            "fillOpacity": 0.25
        },
        "activeStyle": {
            "color": "#0a1944",
            "weight": 2,
            "opacity": 1,
            "fillColor": "#00ff00",
            "fillOpacity": 0.95
        }
    },
    "9": {
        "label": "Sioux Falls, South Dakota",
        "style": {
            "color": "#0000ff",
            "weight": 2,
            "opacity": 0.65,
            "fillColor": "#0000ff",
            "fillOpacity": 0.25
        },
        "activeStyle": {
            "color": "#0a1944",
            "weight": 2,
            "opacity": 1,
            "fillColor": "#0000ff",
            "fillOpacity": 0.95
        }
    },
    "10": {
        "label": "Rochester, Minnesota",
        "style": {
            "color": "#d8bfd8",
            "weight": 2,
            "opacity": 0.65,
            "fillColor": "#d8bfd8",
            "fillOpacity": 0.25
        },
        "activeStyle": {
            "color": "#0a1944",
            "weight": 2,
            "opacity": 1,
            "fillColor": "#d8bfd8",
            "fillOpacity": 0.95
        }
    },
    "11": {
        "label": "Madison, Wisconsin",
        "style": {
            "color": "#ff00ff",
            "weight": 2,
            "opacity": 0.65,
            "fillColor": "#ff00ff",
            "fillOpacity": 0.25
        },
        "activeStyle": {
            "color": "#0a1944",
            "weight": 2,
            "opacity": 1,
            "fillColor": "#ff00ff",
            "fillOpacity": 0.95
        }
    },
    "12": {
        "label": "Kansas City, Missouri",
        "style": {
            "color": "#1e90ff",
            "weight": 2,
            "opacity": 0.65,
            "fillColor": "#1e90ff",
            "fillOpacity": 0.25
        },
        "activeStyle": {
            "color": "#0a1944",
            "weight": 2,
            "opacity": 1,
            "fillColor": "#1e90ff",
            "fillOpacity": 0.95
        }
    },
    "13": {
        "label": "Fargo, North Dakota",
        "style": {
            "color": "#98fb98",
            "weight": 2,
            "opacity": 0.65,
            "fillColor": "#98fb98",
            "fillOpacity": 0.25
        },
        "activeStyle": {
            "color": "#0a1944",
            "weight": 2,
            "opacity": 1,
            "fillColor": "#98fb98",
            "fillOpacity": 0.95
        }
    },
    "14": {
        "label": "Rapid City, South Dakota",
        "style": {
            "color": "#ff69b4",
            "weight": 2,
            "opacity": 0.65,
            "fillColor": "#ff69b4",
            "fillOpacity": 0.25
        },
        "activeStyle": {
            "color": "#0a1944",
            "weight": 3,
            "opacity": 1,
            "fillColor": "#ff69b4",
            "fillOpacity": 0.95
        }
    }
}